ReturnID,OrderID,ReturnDate,ReturnReason,RefundAmount
700001,508407,2026-06-02,Changed Mind,7671.82
700002,501416,2025-09-21,Defective Product,2274.82
700003,503849,2025-10-06,Late Delivery,651.15
700004,503671,2025-12-21,Late Delivery,2018.69
700005,504998,2025-04-13,Late Delivery,7096.5
700006,500948,2024-01-27,Defective Product,4851.29
700007,500929,2025-08-22,Defective Product,4719.9
700008,509010,2024-06-11,Wrong Item Delivered,1791.98
700009,509741,2024-02-06,Wrong Item Delivered,604.9
700010,504093,2024-09-25,Damaged in Transit,7519.25
700011,503157,2024-04-14,Size/Fit Issue,13880.11
700012,508557,2025-07-05,Wrong Item Delivered,942.89
700013,504153,2024-06-11,Damaged in Transit,20453.9
700014,508675,2024-01-12,Defective Product,276.19
700015,505572,2024-07-03,Wrong Item Delivered,9012.42
700016,508989,2025-01-07,Damaged in Transit,1217.98
700017,509507,2025-05-30,Late Delivery,7228.87
700018,502796,2025-03-20,Damaged in Transit,2091.82
700019,506058,2025-02-26,Wrong Item Delivered,3285.73
700020,501103,2025-06-19,Changed Mind,1740.16
700021,503908,2026-04-06,Wrong Item Delivered,3979.92
700022,502522,2024-10-27,Wrong Item Delivered,13464.55
700023,507249,2024-08-12,Defective Product,3098.32
700024,502001,2026-01-24,Late Delivery,5864.56
700025,503727,2025-04-26,Damaged in Transit,380.93
700026,509071,2026-01-18,Late Delivery,5827.58
700027,509503,2026-06-10,Changed Mind,2725.17
700028,507303,2026-06-26,Changed Mind,3109.21
700029,502383,2024-02-11,Changed Mind,11585.69
700030,502801,2025-06-05,Wrong Item Delivered,1597.01
700031,505164,2024-03-25,Damaged in Transit,3439.68
700032,501998,2024-03-05,Changed Mind,6644.84
700033,508471,2025-08-18,Defective Product,8708.42
700034,500989,2024-03-20,Wrong Item Delivered,4979.3
700035,504935,2024-09-13,Defective Product,19797.16
700036,506918,2024-07-30,Damaged in Transit,435.84
700037,500729,2025-12-25,Changed Mind,907.41
700038,503544,2024-06-25,Size/Fit Issue,3752.93
700039,509004,2024-05-15,Changed Mind,3269.72
700040,506984,2025-02-16,Late Delivery,6684.64
700041,503830,2026-01-02,Defective Product,273.64
700042,500663,2025-05-29,Defective Product,8945.42
700043,505116,2024-01-28,Changed Mind,2789.46
700044,502963,2024-09-12,Damaged in Transit,421.72
700045,503091,2026-06-30,Defective Product,1054.41
700046,508554,2024-04-11,Wrong Item Delivered,2935.2
700047,503760,2025-04-11,Changed Mind,1799.36
700048,505774,2024-08-24,Wrong Item Delivered,9267.3
700049,506097,2024-12-15,Size/Fit Issue,12524.87
700050,508420,2024-07-16,Damaged in Transit,742.86
700051,507310,2025-03-31,Changed Mind,1290.51
700052,500905,2025-03-15,Size/Fit Issue,4532.01
700053,505318,2026-01-14,Late Delivery,9522.47
700054,507169,2024-07-06,Size/Fit Issue,832.02
700055,502977,2024-11-03,Damaged in Transit,1968.75
700056,508669,2024-06-17,Damaged in Transit,3115.03
700057,505328,2025-03-25,Wrong Item Delivered,116.22
700058,507492,2024-01-14,Late Delivery,7191.89
700059,506246,2024-12-05,Damaged in Transit,3092.61
700060,500731,2024-05-31,Late Delivery,3600.54
700061,509216,2026-03-11,Size/Fit Issue,1466.79
700062,508966,2024-08-12,Damaged in Transit,5910.57
700063,504957,2025-02-17,Late Delivery,900.97
700064,502520,2025-03-31,Changed Mind,1821.12
700065,503920,2024-03-06,Damaged in Transit,937.16
700066,505558,2024-04-02,Late Delivery,2206.88
700067,507443,2025-01-16,Late Delivery,9809.59
700068,500582,2024-05-19,Defective Product,713.17
700069,501148,2024-07-27,Defective Product,5478.61
700070,502759,2025-04-21,Defective Product,3592.06
700071,500244,2026-06-18,Late Delivery,14037.29
700072,504335,2025-11-24,Late Delivery,252.88
700073,509434,2025-06-25,Size/Fit Issue,1600.69
700074,502605,2026-06-02,Late Delivery,6526.22
700075,504757,2024-07-22,Changed Mind,16554.94
700076,503659,2025-04-03,Damaged in Transit,3129.54
700077,508169,2026-06-01,Changed Mind,4608.96
700078,501095,2024-05-12,Late Delivery,5645.64
700079,505641,2024-04-03,Changed Mind,9770.74
700080,504398,2025-10-09,Late Delivery,1339.58
700081,506456,2024-04-27,Wrong Item Delivered,2221.83
700082,503707,2025-12-18,Defective Product,1008.78
700083,502367,2025-03-02,Size/Fit Issue,1748.94
700084,500380,2024-07-26,Defective Product,5879.85
700085,500556,2024-08-15,Size/Fit Issue,11900.97
700086,509204,2025-03-05,Changed Mind,2848.16
700087,509487,2025-03-06,Wrong Item Delivered,824.94
700088,505812,2024-02-12,Defective Product,3575.71
700089,506968,2024-10-30,Wrong Item Delivered,2725.1
700090,506206,2024-05-18,Late Delivery,8541.66
700091,504384,2025-03-22,Damaged in Transit,11558.99
700092,503528,2026-05-16,Size/Fit Issue,22781.56
700093,504219,2024-12-17,Size/Fit Issue,2404.99
700094,505349,2025-02-02,Wrong Item Delivered,30716.57
700095,501185,2024-07-02,Damaged in Transit,1385.22
700096,502599,2026-04-25,Damaged in Transit,3113.24
700097,508065,2024-04-05,Late Delivery,2283.97
700098,502823,2024-10-20,Size/Fit Issue,37646.01
700099,505780,2024-08-13,Defective Product,356.99
700100,501329,2025-06-03,Defective Product,2990.8
700101,502952,2024-11-21,Defective Product,6270.53
700102,501476,2026-02-16,Wrong Item Delivered,2888.25
700103,507026,2025-06-03,Changed Mind,1697.51
700104,504061,2025-03-22,Changed Mind,10313.67
700105,508545,2025-10-28,Damaged in Transit,7883.64
700106,502324,2025-08-10,Damaged in Transit,4573.47
700107,500041,2026-07-03,Late Delivery,1037.13
700108,502663,2026-02-25,Damaged in Transit,21617.91
700109,501096,2025-08-14,Defective Product,481.63
700110,501960,2024-07-07,Defective Product,1866.09
700111,503958,2025-03-29,Late Delivery,29525.64
700112,503835,2025-05-19,Damaged in Transit,8072.53
700113,502151,2024-04-10,Defective Product,724.74
700114,507943,2024-09-13,Changed Mind,1402.44
700115,504201,2025-01-12,Size/Fit Issue,1093.57
700116,508879,2025-04-13,Damaged in Transit,10749.23
700117,506323,2026-07-09,Defective Product,12266.83
700118,502797,2024-12-11,Late Delivery,4333.84
700119,502601,2025-09-30,Size/Fit Issue,642.99
700120,508855,2025-09-03,Late Delivery,564.48
700121,507206,2025-01-13,Late Delivery,755.78
700122,503787,2024-01-21,Defective Product,226.22
700123,501620,2025-12-30,Late Delivery,7122.27
700124,508645,2026-05-25,Damaged in Transit,1461.26
700125,504458,2024-04-17,Changed Mind,1133.37
700126,502362,2026-01-16,Size/Fit Issue,1262.14
700127,502170,2024-07-02,Size/Fit Issue,6992.21
700128,500035,2025-12-26,Size/Fit Issue,1734.65
700129,501815,2024-12-17,Changed Mind,1143.44
700130,500087,2026-02-15,Changed Mind,22148.57
700131,501789,2026-06-27,Changed Mind,3683.37
700132,507707,2026-03-06,Defective Product,4444.42
700133,504782,2025-08-15,Damaged in Transit,1594.49
700134,506152,2024-04-29,Late Delivery,7406.97
700135,501284,2025-12-19,Damaged in Transit,1795.39
700136,504151,2024-05-18,Damaged in Transit,7002.79
700137,505025,2024-02-04,Size/Fit Issue,8707.6
700138,505045,2026-01-25,Late Delivery,175.11
700139,507260,2025-11-12,Damaged in Transit,2305.77
700140,505314,2025-05-17,Damaged in Transit,205.78
700141,507671,2026-05-09,Size/Fit Issue,4376.76
700142,509366,2025-05-25,Damaged in Transit,1763.28
700143,506999,2024-06-24,Size/Fit Issue,866.92
700144,504105,2025-03-09,Changed Mind,597.12
700145,500613,2025-09-07,Defective Product,3251.84
700146,504826,2026-02-22,Size/Fit Issue,7554.74
700147,508630,2025-04-11,Defective Product,8044.15
700148,502881,2025-11-03,Defective Product,33120.19
700149,504424,2025-11-18,Changed Mind,202.59
700150,501230,2024-02-01,Defective Product,3998.15
700151,502136,2025-08-21,Changed Mind,11496.24
700152,503794,2025-07-23,Damaged in Transit,2332
700153,504079,2026-05-13,Damaged in Transit,514.43
700154,508657,2026-07-15,Defective Product,17283.14
700155,500652,2025-04-29,Late Delivery,3073.44
700156,504762,2025-09-18,Size/Fit Issue,3537.1
700157,501729,2025-07-25,Wrong Item Delivered,787.74
700158,504191,2024-09-07,Wrong Item Delivered,9307.62
700159,505139,2026-07-11,Size/Fit Issue,1445.54
700160,500895,2024-06-07,Wrong Item Delivered,1310.87
700161,500618,2025-11-21,Wrong Item Delivered,36045.41
700162,504790,2024-05-10,Size/Fit Issue,2788.24
700163,505889,2025-12-20,Damaged in Transit,1892.03
700164,506211,2025-09-06,Defective Product,2389.82
700165,504755,2025-03-02,Size/Fit Issue,2137.64
700166,503030,2024-07-20,Size/Fit Issue,3686.24
700167,504607,2025-11-26,Late Delivery,4649.33
700168,505341,2024-02-05,Size/Fit Issue,218.72
700169,506594,2025-02-01,Damaged in Transit,5781.69
700170,503216,2026-01-17,Damaged in Transit,6617.12
700171,500318,2024-10-04,Wrong Item Delivered,3505.42
700172,508878,2024-02-01,Size/Fit Issue,463.47
700173,502824,2026-06-25,Late Delivery,6280.63
700174,503911,2025-10-15,Changed Mind,1867.95
700175,508373,2025-07-07,Late Delivery,9133.39
700176,504819,2026-05-11,Defective Product,12200.99
700177,507131,2024-07-25,Changed Mind,16302.15
700178,507666,2025-12-03,Size/Fit Issue,1343.36
700179,509576,2026-05-27,Size/Fit Issue,3808.49
700180,506157,2024-07-14,Size/Fit Issue,1287.07
700181,507289,2026-06-17,Damaged in Transit,2084.61
700182,507326,2024-08-28,Damaged in Transit,21075.54
700183,505145,2025-07-23,Defective Product,1303.3
700184,505213,2024-03-23,Size/Fit Issue,3418.08
700185,504526,2025-01-24,Wrong Item Delivered,1250.79
700186,507037,2025-05-30,Late Delivery,8930.58
700187,505876,2024-03-31,Size/Fit Issue,461.79
700188,501571,2025-07-17,Changed Mind,1568.16
700189,506170,2025-08-31,Changed Mind,4433.37
700190,509324,2025-11-16,Size/Fit Issue,1863.93
700191,508221,2025-11-16,Defective Product,2852.04
700192,504269,2026-05-30,Defective Product,17576.6
700193,509174,2026-01-24,Size/Fit Issue,1002.49
700194,505871,2024-01-09,Damaged in Transit,5658.51
700195,509413,2024-12-11,Damaged in Transit,216.36
700196,503417,2024-02-04,Changed Mind,8715.62
700197,507071,2025-06-24,Late Delivery,2147.41
700198,509159,2025-07-04,Defective Product,943.18
700199,500819,2026-03-05,Size/Fit Issue,1614.6
700200,508135,2024-08-22,Late Delivery,2679.55
700201,504187,2025-06-14,Defective Product,1080.64
700202,503489,2024-12-04,Damaged in Transit,3208.6
700203,500759,2026-06-04,Wrong Item Delivered,13630.87
700204,501724,2024-05-15,Damaged in Transit,167.52
700205,503432,2025-05-30,Damaged in Transit,2044.58
700206,500687,2025-05-10,Size/Fit Issue,7157.66
700207,502615,2025-11-22,Late Delivery,1868.99
700208,504999,2025-08-20,Size/Fit Issue,1330.94
700209,502699,2024-11-12,Damaged in Transit,1442.98
700210,505748,2024-11-13,Wrong Item Delivered,598.39
700211,508168,2025-02-08,Changed Mind,9935.23
700212,501785,2025-09-07,Damaged in Transit,10684.64
700213,500958,2024-07-19,Damaged in Transit,1032.18
700214,508994,2025-01-25,Damaged in Transit,1748.32
700215,503143,2026-01-10,Wrong Item Delivered,1990.21
700216,506199,2024-09-18,Changed Mind,9012.86
700217,509449,2024-12-27,Defective Product,177.41
700218,502479,2024-10-10,Size/Fit Issue,11035.26
700219,507519,2024-07-05,Size/Fit Issue,6179.86
700220,505404,2026-01-23,Changed Mind,1015.07
700221,507445,2025-01-16,Changed Mind,0
700222,504899,2024-09-10,Changed Mind,2190.51
700223,507274,2026-03-14,Changed Mind,1300.77
700224,502828,2025-06-27,Size/Fit Issue,2564.27
700225,504021,2024-05-22,Size/Fit Issue,426.09
700226,507243,2026-06-02,Defective Product,6272.04
700227,500885,2025-04-21,Defective Product,1567.37
700228,505059,2026-04-15,Late Delivery,3372.83
700229,500454,2025-09-17,Changed Mind,1034.74
700230,502117,2025-10-16,Changed Mind,667.92
700231,500550,2025-05-27,Changed Mind,10858.07
700232,502165,2025-04-06,Size/Fit Issue,866.77
700233,508283,2025-02-10,Damaged in Transit,2117.43
700234,503433,2024-01-18,Wrong Item Delivered,10627.76
700235,502291,2025-03-21,Size/Fit Issue,1095.6
700236,504455,2024-04-29,Wrong Item Delivered,2376.42
700237,501746,2024-10-05,Changed Mind,31974.73
700238,505647,2024-08-12,Size/Fit Issue,1207.33
700239,509254,2024-07-08,Defective Product,4746.54
700240,505051,2026-03-30,Defective Product,820.63
700241,506427,2026-04-16,Changed Mind,3941.63
700242,508841,2025-10-26,Damaged in Transit,7336.7
700243,501442,2024-03-07,Wrong Item Delivered,5812.61
700244,502391,2026-07-13,Wrong Item Delivered,15069.64
700245,507930,2024-11-02,Changed Mind,3231.26
700246,505518,2026-05-28,Size/Fit Issue,2068.8
700247,501835,2025-04-27,Damaged in Transit,1863.37
700248,503774,2024-02-08,Defective Product,8821.11
700249,501423,2026-05-23,Changed Mind,8402.9
700250,506132,2024-06-27,Defective Product,961.64
700251,507063,2025-08-10,Size/Fit Issue,4573.17
700252,507860,2025-02-26,Late Delivery,4497.71
700253,509242,2026-05-27,Wrong Item Delivered,3963.1
700254,502691,2026-03-12,Defective Product,22734.06
700255,509833,2024-09-23,Wrong Item Delivered,33981.01
700256,507084,2025-11-06,Defective Product,4340.38
700257,504091,2025-07-05,Defective Product,1269.34
700258,505479,2024-11-13,Late Delivery,30416.08
700259,509143,2025-10-19,Late Delivery,1231.1
700260,502130,2025-11-06,Damaged in Transit,4873.25
700261,507299,2026-03-14,Late Delivery,6320.49
700262,502447,2024-05-08,Changed Mind,5572.75
700263,501428,2025-12-05,Changed Mind,1949.59
700264,503669,2024-11-27,Late Delivery,18687.33
700265,509638,2026-01-05,Size/Fit Issue,319.1
700266,509124,2025-03-19,Changed Mind,872.88
700267,500848,2024-12-31,Changed Mind,167.54
700268,500430,2025-11-13,Size/Fit Issue,15472.04
700269,501387,2026-01-23,Defective Product,4352.89
700270,507758,2024-08-13,Defective Product,280.9
700271,508290,2026-04-15,Changed Mind,10677.98
700272,507912,2025-04-19,Size/Fit Issue,108.86
700273,505042,2024-05-21,Wrong Item Delivered,10921.45
700274,501957,2026-06-28,Late Delivery,10013.01
700275,500293,2024-10-19,Wrong Item Delivered,2277.95
700276,500484,2026-02-05,Size/Fit Issue,2891.99
700277,509752,2026-05-31,Wrong Item Delivered,2869.61
700278,502279,2026-05-17,Late Delivery,865.85
700279,500072,2025-10-25,Size/Fit Issue,2093.21
700280,505022,2024-09-14,Size/Fit Issue,2993.94
700281,503923,2026-02-16,Size/Fit Issue,7124.91
700282,505672,2025-05-30,Size/Fit Issue,5357.11
700283,505788,2025-09-29,Changed Mind,964.03
700284,508180,2026-03-12,Size/Fit Issue,14309.32
700285,503204,2024-06-13,Damaged in Transit,2423.89
700286,508054,2026-02-11,Damaged in Transit,1056.29
700287,506083,2024-02-03,Defective Product,863.49
700288,502318,2024-12-29,Damaged in Transit,10420.03
700289,509301,2024-03-08,Size/Fit Issue,1667.65
700290,503124,2024-12-07,Late Delivery,9310.04
700291,508788,2025-02-22,Changed Mind,3674.51
700292,508522,2024-08-29,Size/Fit Issue,260.09
700293,500565,2024-05-25,Damaged in Transit,303.36
700294,506376,2024-03-14,Late Delivery,10479.28
700295,509349,2025-04-15,Damaged in Transit,484.59
700296,503656,2025-11-19,Wrong Item Delivered,445.95
700297,508857,2026-01-10,Changed Mind,9524.87
700298,507553,2024-05-16,Changed Mind,418.74
700299,508003,2025-12-20,Changed Mind,1373.93
700300,507199,2024-04-07,Wrong Item Delivered,8844.45
700301,506868,2026-02-23,Damaged in Transit,26598.78
700302,504282,2025-04-24,Late Delivery,16220.26
700303,508088,2025-07-04,Wrong Item Delivered,1404.77
700304,509383,2024-04-07,Size/Fit Issue,1620.92
700305,508955,2026-02-11,Wrong Item Delivered,5803.79
700306,509708,2024-02-29,Wrong Item Delivered,2677.59
700307,506414,2026-04-27,Wrong Item Delivered,17634.36
700308,501556,2026-06-19,Damaged in Transit,15944.16
700309,509012,2024-01-17,Late Delivery,34591.09
700310,500021,2024-09-20,Damaged in Transit,11557.22
700311,508707,2024-12-29,Changed Mind,14143.68
700312,500028,2024-09-08,Defective Product,651.59
700313,508429,2025-10-25,Damaged in Transit,2625.6
700314,506386,2026-02-14,Late Delivery,2660.57
700315,503094,2025-03-15,Defective Product,34774.18
700316,508446,2024-02-15,Defective Product,5619.16
700317,502686,2024-05-13,Late Delivery,10462.02
700318,508486,2024-09-30,Damaged in Transit,446.64
700319,506520,2025-01-14,Wrong Item Delivered,795.25
700320,502541,2025-06-10,Late Delivery,1006.67
700321,503764,2024-08-15,Defective Product,4065.33
700322,508280,2025-11-28,Defective Product,1554.14
700323,506726,2025-08-28,Size/Fit Issue,632.52
700324,502973,2024-11-15,Defective Product,1729.47
700325,507511,2024-05-07,Size/Fit Issue,4720.55
700326,508160,2025-06-08,Late Delivery,784.44
700327,507120,2024-11-04,Defective Product,1479.47
700328,507325,2024-08-16,Late Delivery,3317.33
700329,502554,2026-04-23,Changed Mind,2443.74
700330,501855,2024-03-02,Damaged in Transit,890.86
700331,504971,2026-04-25,Late Delivery,17060.68
700332,506114,2024-06-22,Wrong Item Delivered,1318.59
700333,500383,2025-01-05,Wrong Item Delivered,14913.8
700334,506025,2025-11-15,Size/Fit Issue,1173.53
700335,506346,2026-06-14,Defective Product,1162.17
700336,502355,2024-07-04,Defective Product,2938.95
700337,505399,2025-07-04,Changed Mind,1135.55
700338,504227,2025-06-28,Damaged in Transit,9308.52
700339,502880,2025-04-04,Size/Fit Issue,1825.86
700340,509512,2025-06-27,Wrong Item Delivered,7343.74
700341,506713,2024-01-19,Late Delivery,10861.59
700342,505600,2025-07-25,Changed Mind,445.28
700343,504046,2024-08-25,Changed Mind,975.09
700344,506667,2025-09-20,Wrong Item Delivered,1462.31
700345,500208,2025-06-20,Damaged in Transit,20537.92
700346,506924,2024-09-25,Late Delivery,3324.22
700347,507079,2024-03-27,Wrong Item Delivered,12977.97
700348,509288,2026-01-03,Changed Mind,2311.98
700349,505493,2024-12-13,Size/Fit Issue,8513.68
700350,503309,2026-05-16,Size/Fit Issue,4908.06
700351,506450,2024-10-15,Wrong Item Delivered,936.75
700352,504997,2025-11-16,Wrong Item Delivered,4777.16
700353,504119,2026-02-14,Size/Fit Issue,903.15
700354,504735,2024-04-17,Changed Mind,9153.34
700355,507429,2025-10-14,Changed Mind,1221.25
700356,508626,2025-10-30,Damaged in Transit,1384.92
700357,501680,2025-01-14,Damaged in Transit,7548.92
700358,504896,2025-09-07,Wrong Item Delivered,10038.97
700359,508650,2024-05-12,Changed Mind,1505.59
700360,508066,2025-04-18,Size/Fit Issue,2286.89
700361,503974,2025-11-30,Changed Mind,11940.52
700362,506234,2025-07-03,Wrong Item Delivered,6508.11
700363,502051,2025-06-01,Damaged in Transit,4775.6
700364,506566,2024-11-23,Damaged in Transit,4021.84
700365,509616,2026-02-20,Size/Fit Issue,6730.09
700366,508389,2025-06-10,Changed Mind,857.46
700367,501903,2024-01-18,Defective Product,5567.94
700368,503890,2025-07-01,Damaged in Transit,2147.94
700369,504135,2024-11-02,Size/Fit Issue,745.78
700370,509485,2024-08-17,Changed Mind,773.42
700371,507987,2025-12-30,Size/Fit Issue,5262.5
700372,504559,2024-11-23,Wrong Item Delivered,2430.71
700373,504860,2026-05-15,Defective Product,0
700374,503839,2024-01-11,Damaged in Transit,472.56
700375,503500,2025-04-27,Damaged in Transit,1227.03
700376,505248,2024-10-21,Changed Mind,13455.34
700377,509473,2026-04-30,Size/Fit Issue,2186.39
700378,500156,2025-03-16,Damaged in Transit,7226.93
700379,506239,2024-10-03,Size/Fit Issue,356.55
700380,505681,2024-12-17,Damaged in Transit,7265.7
700381,507426,2026-04-14,Wrong Item Delivered,8508.48
700382,507640,2025-12-19,Changed Mind,1215.41
700383,504399,2025-05-28,Size/Fit Issue,1918.7
700384,506057,2026-06-13,Changed Mind,601.72
700385,505187,2024-11-24,Damaged in Transit,15280.26
700386,505933,2025-07-27,Changed Mind,5089.75
700387,502412,2025-04-12,Damaged in Transit,2625.1
700388,504686,2025-07-07,Wrong Item Delivered,3319.99
700389,501010,2025-11-02,Size/Fit Issue,13172.9
700390,508383,2025-11-07,Changed Mind,673.97
700391,500968,2026-01-16,Late Delivery,7942.1
700392,509575,2024-01-17,Damaged in Transit,1399.29
700393,502540,2025-11-15,Wrong Item Delivered,3454.24
700394,507354,2024-10-03,Wrong Item Delivered,4824.95
700395,508489,2025-06-17,Late Delivery,3031.82
700396,507442,2024-01-26,Defective Product,826.29
700397,506856,2026-06-01,Size/Fit Issue,37611.52
700398,503306,2025-05-29,Size/Fit Issue,22125.6
700399,501611,2024-08-09,Size/Fit Issue,11411.41
700400,508654,2025-12-27,Changed Mind,160.34
700401,506432,2025-04-26,Wrong Item Delivered,11724.48
700402,506355,2024-08-25,Wrong Item Delivered,3861.23
700403,502050,2024-12-09,Wrong Item Delivered,1029.74
700404,505235,2025-10-19,Size/Fit Issue,1108.03
700405,504390,2025-11-07,Wrong Item Delivered,6366.5
700406,506749,2025-02-07,Defective Product,599.42
700407,504950,2024-01-06,Late Delivery,4781.76
700408,505825,2024-06-07,Changed Mind,843.88
700409,500698,2024-02-19,Wrong Item Delivered,1360.29
700410,504325,2024-03-19,Wrong Item Delivered,2208.15
700411,501742,2025-01-20,Late Delivery,14031.94
700412,501308,2024-05-30,Size/Fit Issue,1398.2
700413,500075,2024-09-20,Defective Product,1267.98
700414,501077,2024-08-20,Defective Product,1030.94
700415,508187,2024-06-05,Size/Fit Issue,3018.46
700416,504257,2024-12-11,Size/Fit Issue,3188.57
700417,506344,2024-02-12,Wrong Item Delivered,262.29
700418,507687,2024-04-10,Changed Mind,3335.23
700419,500482,2024-03-30,Defective Product,2332.6
700420,504008,2025-09-12,Size/Fit Issue,22146.94
700421,502014,2025-06-28,Size/Fit Issue,3720.84
700422,508159,2025-12-10,Damaged in Transit,0
700423,501668,2026-01-06,Changed Mind,0
700424,502651,2024-03-06,Wrong Item Delivered,978.09
700425,506320,2025-09-15,Wrong Item Delivered,3430.43
700426,506833,2024-07-20,Changed Mind,3820.56
700427,503909,2026-04-23,Size/Fit Issue,28805.88
700428,508569,2024-04-29,Size/Fit Issue,0
700429,501365,2025-04-16,Late Delivery,371.52
700430,505948,2025-07-18,Changed Mind,1178.15
700431,501456,2026-04-14,Late Delivery,3118.76
700432,507375,2025-05-19,Size/Fit Issue,5305.6
700433,504858,2024-08-22,Damaged in Transit,2047.05
700434,506730,2025-11-18,Late Delivery,3994.26
700435,506475,2024-03-06,Size/Fit Issue,4203.24
700436,505135,2026-02-16,Damaged in Transit,279.76
700437,502746,2026-06-05,Defective Product,419.52
700438,507242,2026-06-26,Changed Mind,4719.01
700439,507896,2024-11-17,Size/Fit Issue,1766.3
700440,508922,2024-08-01,Wrong Item Delivered,9489.72
700441,500169,2026-02-10,Changed Mind,861.4
700442,500027,2026-05-06,Size/Fit Issue,3813.14
700443,509627,2025-01-25,Wrong Item Delivered,521.29
700444,506960,2025-09-11,Changed Mind,916.39
700445,507611,2025-02-26,Damaged in Transit,9892.46
700446,507480,2025-11-23,Damaged in Transit,45684.82
700447,503488,2025-09-26,Changed Mind,5059.62
700448,506306,2024-09-15,Late Delivery,377.67
700449,508304,2026-06-09,Changed Mind,2495.2
700450,503357,2025-11-15,Defective Product,715.36
700451,506907,2026-01-12,Defective Product,3186.46
700452,509277,2024-04-10,Wrong Item Delivered,5891.86
700453,506400,2024-01-16,Defective Product,2228.4
700454,507486,2024-10-15,Late Delivery,1684.49
700455,509240,2025-07-09,Damaged in Transit,4020.35
700456,500084,2024-04-05,Defective Product,4941.62
700457,506347,2025-05-04,Defective Product,2923.4
700458,501172,2025-03-07,Damaged in Transit,10463.35
700459,505147,2026-01-04,Defective Product,1214.31
700460,507239,2024-05-06,Damaged in Transit,956.65
700461,509763,2025-01-20,Size/Fit Issue,711.43
700462,500375,2026-07-12,Wrong Item Delivered,2196.98
700463,501223,2024-01-25,Defective Product,2714.34
700464,501716,2025-10-09,Size/Fit Issue,4226.98
700465,503375,2024-07-27,Wrong Item Delivered,454.99
700466,506326,2026-03-11,Damaged in Transit,29532.42
700467,507159,2025-07-29,Wrong Item Delivered,24503.94
700468,508785,2025-03-29,Damaged in Transit,2235.93
700469,505903,2024-10-04,Changed Mind,426.45
700470,500503,2024-11-09,Size/Fit Issue,22584.25
700471,503919,2024-06-06,Wrong Item Delivered,740.09
700472,505538,2026-04-20,Defective Product,3203.38
700473,502347,2025-08-14,Late Delivery,5714.82
700474,500979,2025-01-12,Defective Product,23049.93
700475,509293,2025-06-23,Size/Fit Issue,9601.01
700476,505773,2025-09-29,Size/Fit Issue,5315.68
700477,504879,2024-12-02,Defective Product,7500.28
700478,509066,2024-05-11,Late Delivery,5168.97
700479,500274,2025-11-09,Late Delivery,1416.14
700480,508610,2025-04-09,Damaged in Transit,4714.07
700481,502074,2024-12-16,Size/Fit Issue,5194.4
700482,508442,2024-12-18,Damaged in Transit,13613.76
700483,504775,2024-10-30,Late Delivery,918.67
700484,502528,2024-10-23,Damaged in Transit,957.73
700485,505484,2025-09-20,Late Delivery,1131.47
700486,500990,2025-04-13,Size/Fit Issue,24867.41
700487,506424,2024-01-22,Late Delivery,6196.22
700488,504009,2025-08-18,Defective Product,10509.06
700489,507734,2024-05-15,Size/Fit Issue,13780.61
700490,509719,2024-10-05,Wrong Item Delivered,9699.19
700491,500945,2026-04-19,Late Delivery,1755.48
700492,502638,2025-07-13,Late Delivery,9387.56
700493,501966,2025-10-25,Wrong Item Delivered,5318.7
700494,509286,2024-03-01,Late Delivery,25426.25
700495,503196,2026-05-04,Late Delivery,1214.31
700496,505972,2026-06-04,Damaged in Transit,8556.92
700497,501098,2024-05-16,Wrong Item Delivered,1986.97
700498,507873,2026-06-27,Size/Fit Issue,45328
700499,506813,2024-12-05,Defective Product,17928.48
700500,506553,2025-06-15,Late Delivery,1695.15
700501,503029,2024-05-25,Wrong Item Delivered,221.2
700502,506120,2026-06-30,Size/Fit Issue,7664.54
700503,506536,2024-08-20,Changed Mind,0
700504,501921,2025-10-15,Wrong Item Delivered,1626.05
700505,503194,2025-12-03,Changed Mind,5936.79
700506,509118,2025-04-25,Damaged in Transit,2653.46
700507,504932,2025-08-13,Late Delivery,16367.66
700508,504222,2025-06-01,Changed Mind,27072.1
700509,502901,2026-03-06,Late Delivery,1789.24
700510,505117,2025-10-04,Defective Product,1813.35
700511,509265,2024-08-29,Damaged in Transit,1796
700512,501485,2024-06-15,Wrong Item Delivered,461.37
700513,500812,2024-11-10,Changed Mind,4250.16
700514,508908,2024-02-11,Size/Fit Issue,11815.75
700515,501299,2024-08-23,Damaged in Transit,2454.68
700516,500347,2026-05-07,Damaged in Transit,5121.77
700517,507784,2025-04-09,Changed Mind,872.27
700518,500217,2026-03-28,Wrong Item Delivered,7700.84
700519,507635,2026-06-20,Size/Fit Issue,12400.69
700520,505446,2025-12-09,Size/Fit Issue,17067.16
700521,508715,2026-01-04,Changed Mind,2166.62
700522,501151,2025-04-30,Late Delivery,1470.96
700523,508731,2025-10-24,Late Delivery,2115.9
700524,505526,2026-02-12,Changed Mind,3084.14
700525,508636,2025-09-27,Size/Fit Issue,25592.11
700526,506031,2025-03-18,Size/Fit Issue,155.26
700527,502078,2026-06-09,Changed Mind,1885.48
700528,501328,2025-07-30,Defective Product,2071.2
700529,504453,2025-05-15,Damaged in Transit,3515.05
700530,502751,2026-05-17,Wrong Item Delivered,2403.58
700531,509275,2024-09-24,Size/Fit Issue,8158.8
700532,500152,2025-01-01,Wrong Item Delivered,16807.32
700533,508503,2025-02-15,Size/Fit Issue,8103.67
700534,508049,2025-09-14,Defective Product,4136.57
700535,509421,2024-11-05,Wrong Item Delivered,4023.58
700536,503107,2025-05-23,Late Delivery,10878.81
700537,501858,2024-06-18,Damaged in Transit,2370.74
700538,508264,2025-09-16,Defective Product,1678.94
700539,502474,2024-09-04,Wrong Item Delivered,11149.95
700540,502037,2025-07-15,Damaged in Transit,5670.63
700541,502772,2024-09-07,Damaged in Transit,1522.75
700542,504175,2025-02-11,Changed Mind,2324.62
700543,509490,2025-08-10,Changed Mind,5488.5
700544,504616,2024-02-27,Defective Product,1120.05
700545,500368,2025-07-14,Wrong Item Delivered,10925.72
700546,501552,2025-08-17,Changed Mind,15577.1
700547,500238,2025-06-23,Late Delivery,1361.45
700548,505095,2026-02-15,Defective Product,2860.06
700549,505338,2025-07-06,Late Delivery,10999.36
700550,503153,2024-06-08,Damaged in Transit,2390.46
700551,508762,2026-03-03,Defective Product,1384.04
700552,508164,2026-04-20,Changed Mind,461.16
700553,506572,2024-04-10,Size/Fit Issue,2523.11
700554,503359,2024-04-29,Size/Fit Issue,1266.62
700555,507840,2026-02-16,Late Delivery,4938.33
700556,509523,2025-09-11,Wrong Item Delivered,5944.68
700557,504343,2025-02-21,Late Delivery,10177.77
700558,505637,2024-04-10,Size/Fit Issue,15480.09
700559,502538,2025-10-28,Wrong Item Delivered,5757.09
700560,504099,2024-12-14,Late Delivery,1442.77
700561,505781,2026-07-08,Changed Mind,1228.28
700562,507663,2026-07-15,Late Delivery,10263.9
700563,505068,2024-10-22,Damaged in Transit,14746.88
700564,504784,2026-01-18,Damaged in Transit,5879.09
700565,500481,2025-12-20,Changed Mind,1191.53
700566,506689,2024-11-20,Wrong Item Delivered,21814.01
700567,507694,2026-01-12,Defective Product,3763.28
700568,505489,2025-04-29,Late Delivery,8709.56
700569,507781,2025-02-21,Wrong Item Delivered,1968.96
700570,507424,2024-10-28,Wrong Item Delivered,3968.9
700571,500508,2024-04-18,Wrong Item Delivered,2981.82
700572,500291,2025-01-18,Size/Fit Issue,11831.83
700573,503931,2025-03-23,Late Delivery,364.37
700574,509621,2024-05-10,Late Delivery,5764.01
700575,500470,2024-08-01,Late Delivery,3274.48
700576,504418,2025-06-05,Wrong Item Delivered,5789.92
700577,501208,2024-09-17,Wrong Item Delivered,115.79
700578,503547,2025-06-14,Changed Mind,2968.5
700579,502321,2025-09-17,Wrong Item Delivered,1066.64
700580,507786,2025-03-08,Changed Mind,264.81
700581,500292,2025-09-23,Defective Product,18242.88
700582,501202,2024-03-22,Damaged in Transit,6310.39
700583,501943,2024-10-16,Changed Mind,8475.74
700584,508176,2025-06-14,Defective Product,303.67
700585,504825,2025-10-20,Wrong Item Delivered,600.91
700586,501772,2024-06-05,Changed Mind,16595.71
700587,509082,2024-03-04,Defective Product,753.86
700588,504277,2026-05-14,Late Delivery,20545.84
700589,508465,2026-04-17,Damaged in Transit,1993.53
700590,501153,2024-03-08,Changed Mind,2924.63
700591,503241,2025-08-01,Defective Product,1031.34
700592,501660,2024-12-15,Wrong Item Delivered,1986.66
700593,503846,2024-04-23,Changed Mind,1268.8
700594,506422,2024-03-02,Late Delivery,13647.39
700595,500153,2025-03-06,Changed Mind,5002.77
700596,506710,2024-02-03,Damaged in Transit,3446.79
700597,500346,2025-06-28,Changed Mind,8237.02
700598,509595,2025-08-03,Late Delivery,4323.09
700599,506751,2026-07-10,Size/Fit Issue,3574.66
700600,507691,2025-04-30,Size/Fit Issue,149.8
700601,501884,2026-07-01,Wrong Item Delivered,3196.4
700602,501285,2025-08-24,Late Delivery,10038.03
700603,505578,2025-02-04,Wrong Item Delivered,1649.03
700604,501443,2024-04-22,Size/Fit Issue,9751.07
700605,506108,2026-02-06,Late Delivery,2562.13
700606,502959,2026-05-22,Defective Product,1712.28
700607,509794,2026-03-06,Defective Product,2630.24
700608,504062,2024-08-13,Damaged in Transit,1273.36
700609,502486,2024-12-08,Damaged in Transit,1788.03
700610,501426,2024-11-09,Defective Product,7367.74
700611,501688,2026-05-14,Size/Fit Issue,8749.71
700612,500498,2024-08-22,Changed Mind,10023.57
700613,504494,2024-08-20,Wrong Item Delivered,3486.96
700614,505675,2026-02-16,Size/Fit Issue,2389.67
700615,505874,2024-05-13,Changed Mind,13238.53
700616,505640,2024-08-28,Defective Product,1028.68
700617,509439,2025-04-15,Changed Mind,1309.64
700618,505787,2026-01-27,Changed Mind,3387.67
700619,507227,2026-02-21,Wrong Item Delivered,2772.21
700620,504575,2025-11-27,Damaged in Transit,10878.76
700621,507963,2026-01-20,Late Delivery,3157.63
700622,509258,2026-04-16,Changed Mind,566.6
700623,505039,2026-01-04,Defective Product,14918.3
700624,504731,2025-07-31,Wrong Item Delivered,12210.4
700625,506115,2024-06-10,Defective Product,27777.71
700626,503867,2025-10-08,Changed Mind,2471.59
700627,507067,2025-11-08,Damaged in Transit,6108
700628,506491,2026-06-22,Damaged in Transit,1334.7
700629,503600,2024-12-26,Late Delivery,929.57
700630,502919,2024-11-26,Damaged in Transit,425.25
700631,505581,2025-10-01,Damaged in Transit,38968.47
700632,506190,2024-09-04,Size/Fit Issue,1323.24
700633,500547,2024-06-15,Changed Mind,9935.68
700634,506832,2026-03-19,Size/Fit Issue,3169.88
700635,508960,2026-01-22,Wrong Item Delivered,962.94
700636,504243,2025-12-14,Size/Fit Issue,3620.2
700637,507604,2026-03-31,Defective Product,984.55
700638,502700,2025-07-09,Size/Fit Issue,12238.56
700639,507528,2024-09-14,Defective Product,1383.07
700640,503321,2026-05-19,Wrong Item Delivered,10633.37
700641,505694,2025-01-12,Wrong Item Delivered,3542.81
700642,507679,2026-07-22,Size/Fit Issue,2634.67
700643,505415,2024-06-29,Damaged in Transit,27606.49
700644,502620,2024-12-11,Late Delivery,0
700645,505997,2026-03-03,Size/Fit Issue,1292.44
700646,509702,2025-04-24,Damaged in Transit,8404.58
700647,501967,2024-09-16,Defective Product,1842.76
700648,502787,2025-01-05,Late Delivery,939.72
700649,507909,2025-09-24,Size/Fit Issue,2482.8
700650,508925,2024-06-28,Damaged in Transit,7776.23
700651,507742,2026-04-27,Size/Fit Issue,800.15
700652,501525,2024-01-29,Late Delivery,13897.51
700653,504557,2025-05-10,Damaged in Transit,4503.91
700654,506882,2025-06-13,Defective Product,7255.04
700655,508443,2024-08-07,Damaged in Transit,621.91
700656,508359,2026-05-21,Late Delivery,3828.52
700657,500794,2024-04-25,Wrong Item Delivered,2711.73
700658,506496,2026-01-11,Damaged in Transit,1273.32
700659,507588,2024-08-02,Changed Mind,18879.95
700660,501717,2024-09-28,Defective Product,4749.06
700661,501086,2024-12-27,Wrong Item Delivered,519.12
700662,507491,2025-02-04,Size/Fit Issue,317.79
700663,501687,2026-07-19,Changed Mind,4339.39
700664,503618,2024-07-09,Changed Mind,2687.91
700665,509597,2025-08-25,Damaged in Transit,2065.13
700666,500843,2024-01-22,Defective Product,904.81
700667,500701,2025-06-21,Size/Fit Issue,2805.3
700668,505966,2026-06-03,Damaged in Transit,15939.75
700669,501589,2026-06-06,Damaged in Transit,9678.3
700670,506339,2026-06-22,Damaged in Transit,3506.54
700671,505302,2025-07-24,Changed Mind,462.9
700672,508382,2024-05-31,Damaged in Transit,1032.44
700673,500319,2024-09-03,Late Delivery,2199.77
700674,501194,2024-11-01,Late Delivery,18055.86
700675,502288,2024-07-26,Defective Product,1494.43
700676,502200,2024-07-25,Changed Mind,638.55
700677,508901,2026-05-14,Changed Mind,4012.7
700678,502786,2024-06-15,Wrong Item Delivered,2693.27
700679,509634,2025-05-02,Late Delivery,466.19
700680,506677,2026-03-07,Size/Fit Issue,615.16
700681,500658,2025-12-01,Wrong Item Delivered,10253.06
700682,509259,2025-06-30,Late Delivery,19659.52
700683,502507,2026-05-13,Late Delivery,4612.37
700684,500932,2024-02-20,Wrong Item Delivered,9249.67
700685,500243,2024-07-25,Defective Product,1352.66
700686,509688,2026-05-22,Changed Mind,4960.94
700687,507870,2025-09-15,Defective Product,1960.7
700688,502246,2026-06-23,Damaged in Transit,4866.23
700689,502435,2024-11-21,Defective Product,2299.81
700690,500007,2025-09-29,Defective Product,569.37
700691,502046,2025-03-01,Wrong Item Delivered,14647.83
700692,509051,2025-05-04,Late Delivery,15203.03
700693,502263,2024-06-25,Size/Fit Issue,5407.03
700694,503959,2025-11-15,Defective Product,1753.96
700695,503467,2024-04-07,Changed Mind,1317.59
700696,508475,2025-03-02,Damaged in Transit,0
700697,501583,2026-05-21,Late Delivery,1300.7
700698,500931,2024-08-27,Changed Mind,20524.29
700699,509681,2025-06-03,Wrong Item Delivered,8696.71
700700,501640,2024-04-14,Size/Fit Issue,373.77
700701,505126,2026-07-06,Defective Product,2020.47
700702,507415,2026-01-05,Wrong Item Delivered,2020.49
700703,500715,2025-03-27,Size/Fit Issue,4339.23
700704,502105,2024-07-02,Size/Fit Issue,19614.04
700705,506454,2025-01-26,Damaged in Transit,1213.47
700706,505656,2024-09-17,Damaged in Transit,0
700707,500706,2026-02-24,Wrong Item Delivered,3428.29
700708,504747,2024-09-05,Size/Fit Issue,155.93
700709,501901,2025-07-14,Damaged in Transit,571.33
700710,506477,2025-04-19,Defective Product,351.74
700711,506292,2026-07-14,Defective Product,1584.09
700712,503521,2026-01-19,Wrong Item Delivered,18805.44
700713,507314,2024-10-15,Defective Product,15195.43
700714,504604,2025-02-16,Defective Product,387.12
700715,500803,2026-02-22,Damaged in Transit,504.92
700716,502416,2025-05-27,Wrong Item Delivered,893.38
700717,507865,2026-01-25,Changed Mind,463.82
700718,502482,2024-09-25,Wrong Item Delivered,1277.92
700719,506255,2025-11-23,Damaged in Transit,6306.64
700720,505488,2025-11-26,Late Delivery,3367.82
700721,502461,2024-08-24,Damaged in Transit,4439.72
700722,504209,2025-01-17,Damaged in Transit,1500.25
700723,500282,2026-06-25,Late Delivery,1782.69
700724,508586,2024-10-27,Size/Fit Issue,2978.62
700725,506885,2025-03-24,Changed Mind,436.47
700726,500012,2026-04-15,Size/Fit Issue,12113.98
700727,508162,2025-04-15,Changed Mind,20672.79
700728,501492,2024-03-19,Damaged in Transit,28068.55
700729,503371,2024-07-20,Damaged in Transit,3903.83
700730,507633,2024-05-30,Damaged in Transit,6108.49
700731,502639,2026-02-26,Damaged in Transit,8552.72
700732,503837,2024-03-15,Damaged in Transit,2986.85
700733,507862,2026-06-28,Size/Fit Issue,1293.45
700734,504644,2025-07-19,Wrong Item Delivered,1446.57
700735,503915,2025-02-05,Damaged in Transit,21437.44
700736,504868,2024-12-03,Late Delivery,11232.52
700737,504705,2026-01-23,Late Delivery,6726.58
700738,501415,2024-08-21,Damaged in Transit,6897.49
700739,501377,2025-08-26,Changed Mind,4618.68
700740,505949,2024-04-10,Wrong Item Delivered,883.72
700741,505090,2025-06-17,Size/Fit Issue,6916.63
700742,507155,2025-06-15,Defective Product,2830.28
700743,500835,2024-12-17,Changed Mind,5931.87
700744,503859,2024-01-31,Size/Fit Issue,0
700745,502185,2024-09-27,Size/Fit Issue,4164.26
700746,507509,2026-05-01,Late Delivery,1530.34
700747,506272,2024-04-09,Defective Product,8529.99
700748,504573,2025-07-09,Changed Mind,3675.39
700749,506080,2025-11-11,Late Delivery,18409.97
700750,504914,2025-01-29,Late Delivery,5056.74
700751,501160,2025-10-26,Defective Product,3834.54
700752,506213,2025-07-23,Defective Product,2125
700753,502904,2026-04-17,Defective Product,8077.93
700754,503868,2025-09-13,Late Delivery,661.88
700755,500198,2026-07-08,Wrong Item Delivered,2292.82
700756,507741,2024-07-12,Damaged in Transit,4287.18
700757,509355,2024-02-27,Damaged in Transit,356.29
700758,508799,2026-04-22,Wrong Item Delivered,11788.4
700759,509669,2024-08-23,Changed Mind,1213.56
700760,500639,2024-03-21,Changed Mind,3414.66
700761,505021,2026-01-24,Changed Mind,8942.12
700762,502805,2025-12-03,Wrong Item Delivered,1036.54
700763,507264,2025-05-26,Damaged in Transit,2332.97
700764,500038,2024-04-08,Size/Fit Issue,6687.61
700765,507152,2026-02-27,Late Delivery,1180.29
700766,500436,2026-02-13,Late Delivery,903.93
700767,506042,2026-04-26,Damaged in Transit,4933.93
700768,503982,2024-02-13,Changed Mind,2293.96
700769,509406,2026-02-18,Defective Product,2401.14
700770,504612,2024-05-05,Changed Mind,4597.71
700771,508609,2025-07-16,Wrong Item Delivered,1549.22
700772,505121,2024-03-29,Size/Fit Issue,342.14
700773,501146,2024-12-26,Defective Product,457.21
700774,503539,2025-03-31,Damaged in Transit,2612.34
700775,505549,2024-09-21,Changed Mind,0
700776,505543,2024-12-30,Defective Product,1605.46
700777,506764,2025-02-04,Defective Product,1153.78
700778,504774,2024-10-06,Changed Mind,13013.47
700779,500406,2026-05-31,Damaged in Transit,6176.41
700780,507871,2025-10-23,Defective Product,1975.66
700781,501990,2025-09-27,Changed Mind,11060.9
700782,502564,2024-01-23,Changed Mind,2733.72
700783,501601,2024-10-05,Late Delivery,6288.05
700784,506040,2025-05-11,Wrong Item Delivered,1268.82
700785,504274,2026-07-05,Late Delivery,3637.58
700786,505510,2025-06-11,Changed Mind,3135.67
700787,503730,2025-11-25,Size/Fit Issue,315.63
700788,502201,2024-05-24,Late Delivery,19885.02
700789,509167,2025-08-18,Defective Product,4331.91
700790,504788,2024-05-14,Defective Product,458.97
700791,502202,2025-10-23,Changed Mind,2258.72
700792,508809,2024-11-22,Changed Mind,1860.53
700793,503068,2026-06-17,Changed Mind,10646.48
700794,505029,2025-10-17,Changed Mind,725.6
700795,503648,2026-04-27,Defective Product,337.77
700796,501430,2026-05-24,Damaged in Transit,1437.32
700797,503152,2026-05-07,Wrong Item Delivered,3346.38
700798,507950,2024-09-05,Defective Product,5981.75
700799,509709,2026-06-25,Size/Fit Issue,2300.09
700800,505697,2025-12-23,Damaged in Transit,8830.23
700801,507506,2025-11-28,Defective Product,6777.14
700802,506818,2024-02-15,Changed Mind,4966.23
700803,503016,2024-03-26,Wrong Item Delivered,827.68
700804,507237,2024-08-13,Wrong Item Delivered,1164.53
700805,508714,2025-04-01,Changed Mind,1647.18
700806,505617,2025-10-31,Size/Fit Issue,11106.75
700807,505470,2024-07-29,Wrong Item Delivered,8794.66
700808,508988,2024-08-02,Defective Product,35047.72
700809,506462,2025-02-15,Wrong Item Delivered,810.02
700810,503259,2025-01-17,Wrong Item Delivered,2339.66
700811,508672,2026-05-28,Wrong Item Delivered,1821.89
700812,500810,2026-01-15,Size/Fit Issue,505.06
700813,506051,2025-01-05,Size/Fit Issue,37639.57
700814,502108,2025-10-09,Wrong Item Delivered,1424.41
700815,502871,2025-12-01,Changed Mind,2617.32
700816,508287,2025-03-09,Size/Fit Issue,4799.4
700817,502994,2026-02-22,Late Delivery,832.9
700818,504106,2024-01-22,Damaged in Transit,2185.11
700819,503710,2025-12-30,Changed Mind,1434.12
700820,508047,2026-01-07,Changed Mind,1794.97
700821,506896,2024-04-25,Damaged in Transit,840.93
700822,500954,2025-08-02,Late Delivery,3220.95
700823,508903,2025-11-01,Changed Mind,32412.27
700824,502744,2024-04-29,Defective Product,6854.92
700825,502008,2024-04-07,Size/Fit Issue,20293.37
700826,501613,2025-09-07,Size/Fit Issue,8721.28
700827,502265,2025-05-26,Defective Product,838.17
700828,501512,2024-12-19,Defective Product,0
700829,502086,2025-06-07,Late Delivery,3230.5
700830,501843,2024-07-25,Damaged in Transit,1430
700831,504685,2025-02-09,Late Delivery,13374.79
700832,503485,2025-01-19,Late Delivery,801.38
700833,505246,2024-07-30,Size/Fit Issue,511.34
700834,504012,2025-08-08,Defective Product,3958.87
700835,504215,2025-12-13,Size/Fit Issue,16519.55
700836,506287,2024-07-16,Damaged in Transit,1729.67
700837,504156,2024-02-07,Wrong Item Delivered,663.68
700838,509586,2025-12-07,Changed Mind,1385.97
700839,506138,2025-09-16,Late Delivery,8334.93
700840,505035,2026-03-30,Damaged in Transit,8710.54
700841,500937,2024-03-20,Wrong Item Delivered,2642.1
700842,505063,2026-05-26,Size/Fit Issue,2829.09
700843,504873,2026-07-04,Changed Mind,13667.66
700844,507387,2024-02-10,Damaged in Transit,8281.51
700845,503116,2024-08-13,Late Delivery,1637.6
700846,501682,2025-09-19,Wrong Item Delivered,303.2
700847,505783,2025-06-25,Late Delivery,2380.2
700848,502551,2024-06-24,Size/Fit Issue,7067.72
700849,506638,2025-03-02,Late Delivery,7081.29
700850,501845,2025-12-19,Size/Fit Issue,4068.04
700851,501852,2025-04-15,Defective Product,9424.11
700852,508892,2024-02-27,Defective Product,2398.11
700853,506412,2025-08-17,Wrong Item Delivered,6272.88
700854,505746,2024-05-12,Changed Mind,22538.42
700855,506599,2025-04-20,Wrong Item Delivered,18113.19
700856,509818,2025-07-30,Size/Fit Issue,728.1
700857,501557,2024-10-23,Size/Fit Issue,9824.6
700858,500721,2026-04-17,Wrong Item Delivered,3349.92
700859,509829,2025-11-08,Wrong Item Delivered,437.71
700860,502925,2025-08-09,Changed Mind,7944.36
700861,509274,2026-06-13,Wrong Item Delivered,4728.85
700862,504931,2024-09-30,Size/Fit Issue,18333.01
700863,505813,2024-01-31,Size/Fit Issue,1140.55
700864,505803,2024-07-15,Wrong Item Delivered,2279.26
700865,501587,2025-06-03,Damaged in Transit,1538.03
700866,508039,2026-06-21,Wrong Item Delivered,505.32
700867,507677,2026-05-12,Damaged in Transit,1467.3
700868,507948,2024-09-23,Wrong Item Delivered,1818.4
700869,508825,2024-12-03,Wrong Item Delivered,5849.67
700870,503388,2025-05-22,Wrong Item Delivered,2102.45
700871,505263,2026-05-04,Size/Fit Issue,796.17
700872,505958,2026-05-12,Damaged in Transit,477.44
700873,505223,2024-10-24,Size/Fit Issue,10116.89
700874,508635,2026-02-28,Size/Fit Issue,5854.56
700875,501653,2026-03-02,Late Delivery,13455.81
700876,505964,2026-01-03,Late Delivery,1993.29
700877,504547,2024-02-03,Changed Mind,1106.42
700878,504370,2024-09-15,Changed Mind,9580.72
700879,507060,2024-02-19,Wrong Item Delivered,337.6
700880,504244,2025-06-02,Size/Fit Issue,20865.1
700881,503734,2025-08-01,Changed Mind,2637.14
700882,501213,2024-01-20,Late Delivery,14487.36
700883,509614,2024-08-24,Damaged in Transit,4488.83
700884,503176,2025-12-03,Wrong Item Delivered,978.1
700885,500256,2025-09-02,Late Delivery,3567.56
700886,505186,2025-03-10,Late Delivery,2269.93
700887,506434,2026-03-22,Size/Fit Issue,1986.28
700888,505232,2024-12-29,Size/Fit Issue,534.84
700889,501249,2025-11-27,Changed Mind,1624.59
700890,504615,2024-04-20,Late Delivery,2660.54
700891,502003,2025-10-21,Damaged in Transit,19303.53
700892,509212,2024-10-03,Late Delivery,10210.32
700893,503494,2024-05-04,Defective Product,1421.73
700894,505711,2024-05-31,Damaged in Transit,2049.5
700895,504656,2024-12-15,Damaged in Transit,513.47
700896,508938,2024-02-07,Size/Fit Issue,4969.8
700897,503242,2024-09-30,Changed Mind,5339.72
700898,504356,2025-02-14,Size/Fit Issue,168.18
700899,508605,2025-08-22,Defective Product,109.93
700900,500637,2025-01-21,Late Delivery,781.05
700901,506004,2024-08-23,Wrong Item Delivered,3676.65
700902,504691,2026-07-16,Size/Fit Issue,9334.48
700903,501058,2024-04-01,Damaged in Transit,15307.36
700904,502825,2026-06-13,Defective Product,2871.37
700905,504866,2025-11-02,Wrong Item Delivered,20451.72
700906,507052,2025-01-12,Damaged in Transit,0
700907,501268,2025-03-29,Damaged in Transit,1219.97
700908,501873,2024-05-21,Changed Mind,803.65
700909,507464,2026-04-15,Changed Mind,7117.6
700910,504113,2025-06-02,Changed Mind,10935.36
700911,506458,2024-02-16,Wrong Item Delivered,0
700912,502156,2024-03-09,Damaged in Transit,3754.05
700913,505606,2025-08-08,Size/Fit Issue,3597.47
700914,508787,2024-03-16,Damaged in Transit,3280.88
700915,502999,2026-02-05,Defective Product,694.5
700916,501391,2025-09-21,Wrong Item Delivered,1597.44
700917,509370,2026-03-23,Size/Fit Issue,4688.44
700918,506794,2024-11-26,Damaged in Transit,19514.46
700919,500506,2024-12-18,Damaged in Transit,720.86
700920,504059,2025-05-18,Damaged in Transit,5730.96
700921,505766,2026-01-29,Size/Fit Issue,781.81
700922,507502,2026-04-02,Defective Product,293.62
700923,508022,2025-11-04,Changed Mind,1052.22
700924,507557,2024-08-12,Late Delivery,7155.92
700925,504428,2024-05-19,Late Delivery,4688.26
700926,506312,2026-07-22,Changed Mind,6268.71
700927,507928,2025-02-24,Wrong Item Delivered,2587.26
700928,508118,2026-05-13,Changed Mind,3461.76
700929,505824,2024-07-25,Wrong Item Delivered,2684.61
700930,509392,2024-04-06,Defective Product,27002.98
700931,507782,2024-07-23,Changed Mind,1101.29
700932,505062,2025-09-07,Damaged in Transit,2383.81
700933,503579,2025-02-26,Damaged in Transit,1993.89
700934,508238,2024-09-02,Damaged in Transit,163.85
700935,501134,2024-08-22,Late Delivery,2197.23
700936,507740,2024-04-18,Wrong Item Delivered,1273.95
700937,500097,2024-04-27,Size/Fit Issue,1427.31
700938,500326,2026-05-06,Late Delivery,27011.23
700939,508455,2025-04-23,Changed Mind,13702.76
700940,502882,2025-12-14,Changed Mind,6007.07
700941,505191,2025-02-25,Damaged in Transit,12755.39
700942,508484,2026-05-05,Damaged in Transit,474.65
700943,501331,2025-01-30,Damaged in Transit,4933.7
700944,503251,2024-10-08,Defective Product,3643.35
700945,502069,2024-05-05,Defective Product,598.69
700946,509574,2024-06-08,Defective Product,4359.47
700947,508166,2024-12-12,Size/Fit Issue,964.23
700948,502958,2024-12-26,Damaged in Transit,204.48
700949,500371,2025-11-11,Wrong Item Delivered,6211.82
700950,501672,2025-05-14,Wrong Item Delivered,16389.02
700951,503717,2024-01-31,Changed Mind,573.79
700952,507265,2024-02-22,Damaged in Transit,1981.65
700953,504271,2025-01-12,Wrong Item Delivered,22031.95
700954,501278,2024-01-22,Defective Product,912.6
700955,504558,2024-04-20,Defective Product,5618.36
700956,505628,2026-02-05,Late Delivery,2916.68
700957,501090,2024-07-10,Size/Fit Issue,1609.57
700958,508511,2024-12-06,Damaged in Transit,8324.19
700959,504505,2025-09-01,Changed Mind,2746.46
700960,505757,2025-01-23,Late Delivery,10153.65
700961,508514,2024-07-04,Late Delivery,15059.13
700962,500648,2026-05-06,Size/Fit Issue,673.36
700963,500413,2025-02-20,Wrong Item Delivered,932.99
700964,504670,2026-04-22,Wrong Item Delivered,9863.68
700965,504452,2024-09-29,Late Delivery,18035.53
700966,503156,2024-02-25,Size/Fit Issue,1961.13
700967,506020,2025-05-04,Damaged in Transit,2941.8
700968,502617,2024-12-05,Defective Product,1904.95
700969,503360,2025-01-04,Size/Fit Issue,30568.33
700970,500363,2026-03-26,Size/Fit Issue,1479.52
700971,501139,2024-06-03,Late Delivery,8348.93
700972,507269,2025-12-24,Damaged in Transit,3624.8
700973,501038,2025-06-30,Size/Fit Issue,421.95
700974,509641,2024-04-28,Wrong Item Delivered,3429.13
700975,501100,2025-12-14,Changed Mind,150.45
700976,500483,2025-10-23,Damaged in Transit,9237.36
700977,505743,2025-10-18,Size/Fit Issue,8679.31
700978,500330,2025-10-06,Defective Product,14009.98
700979,503641,2024-05-22,Changed Mind,655.85
700980,500800,2025-09-27,Changed Mind,233.75
700981,504792,2024-03-02,Defective Product,9197.95
700982,507955,2025-07-05,Defective Product,3491.69
700983,507566,2025-01-15,Late Delivery,2568.5
700984,501005,2025-06-22,Size/Fit Issue,3491.89
700985,508273,2025-12-29,Damaged in Transit,3081.83
700986,508570,2025-03-23,Defective Product,6156.97
700987,504838,2024-04-07,Defective Product,1515.03
700988,506396,2024-07-22,Defective Product,4183.01
700989,500523,2024-05-07,Changed Mind,2395.59
700990,504921,2024-09-27,Late Delivery,7051.24
700991,508349,2025-02-08,Changed Mind,16187.95
700992,501796,2026-05-07,Defective Product,743.9
700993,507230,2026-06-20,Damaged in Transit,674.51
700994,500287,2024-09-04,Size/Fit Issue,5312.15
700995,504142,2024-10-27,Size/Fit Issue,668.69
700996,505728,2024-09-27,Size/Fit Issue,1056.23
700997,508234,2025-03-24,Wrong Item Delivered,5133.46
700998,508885,2025-02-09,Late Delivery,6246.54
700999,509171,2024-11-27,Size/Fit Issue,1548.28
701000,507803,2025-01-16,Late Delivery,21595.3
701001,502821,2025-09-17,Size/Fit Issue,1098.83
701002,500111,2025-09-29,Defective Product,4946.92
701003,507815,2025-01-25,Size/Fit Issue,2060.69
701004,508119,2025-02-15,Wrong Item Delivered,583.88
701005,503634,2025-07-08,Size/Fit Issue,289.01
701006,504753,2024-05-25,Damaged in Transit,1935.49
701007,500649,2025-05-23,Defective Product,5062.72
701008,508961,2026-05-21,Damaged in Transit,282.85
701009,508369,2025-11-06,Damaged in Transit,455.11
701010,506625,2026-05-15,Wrong Item Delivered,1316.82
701011,507884,2024-02-29,Size/Fit Issue,3918.7
701012,502807,2026-03-09,Size/Fit Issue,2157.52
701013,507036,2025-09-06,Wrong Item Delivered,610.75
701014,505667,2026-06-24,Wrong Item Delivered,4194.53
701015,502467,2025-07-17,Size/Fit Issue,23403.72
701016,503123,2025-06-10,Late Delivery,24224.95
701017,504669,2025-12-08,Defective Product,4942.2
701018,503642,2026-02-17,Defective Product,2529.57
701019,504078,2024-07-06,Damaged in Transit,1564.29
701020,500826,2026-04-05,Size/Fit Issue,2229.86
701021,503857,2024-01-18,Changed Mind,4464.41
701022,509257,2025-10-31,Defective Product,1918.7
701023,509795,2024-11-19,Changed Mind,3293.11
701024,509234,2025-12-05,Damaged in Transit,1215.32
701025,500004,2024-08-26,Defective Product,6127.18
701026,507563,2025-07-08,Wrong Item Delivered,16737.97
701027,506003,2025-12-30,Size/Fit Issue,5577.77
701028,509417,2024-01-24,Damaged in Transit,14061.17
701029,503797,2025-06-22,Damaged in Transit,4002.67
701030,504541,2025-08-30,Damaged in Transit,1285.87
701031,501192,2026-05-08,Late Delivery,7848.63
701032,503195,2025-07-07,Changed Mind,870.77
701033,500887,2024-07-25,Changed Mind,9343.54
701034,502550,2025-09-30,Late Delivery,5571.38
701035,500376,2025-04-26,Defective Product,6123.24
701036,509404,2024-02-26,Changed Mind,22362.01
701037,503556,2026-02-01,Defective Product,19269.78
701038,505158,2025-06-16,Wrong Item Delivered,781.25
701039,507908,2026-05-26,Wrong Item Delivered,5467.86
701040,506077,2026-01-11,Changed Mind,2253.78
701041,500994,2025-02-22,Changed Mind,1049.89
701042,500603,2024-08-27,Defective Product,10563.33
701043,506945,2024-08-01,Damaged in Transit,23874.57
701044,509660,2026-04-03,Late Delivery,4827.67
701045,501220,2025-03-26,Defective Product,6636
701046,501251,2025-12-02,Damaged in Transit,735.53
701047,509115,2025-07-12,Changed Mind,3431.51
701048,501929,2025-11-12,Damaged in Transit,234.85
701049,507545,2024-01-20,Wrong Item Delivered,4386.22
701050,503089,2024-03-03,Late Delivery,3062.67
701051,507215,2025-08-03,Late Delivery,977.79
701052,507787,2025-11-26,Damaged in Transit,367.38
701053,507775,2024-05-24,Changed Mind,9054.9
701054,501385,2025-04-02,Damaged in Transit,1564.33
701055,503396,2024-07-14,Size/Fit Issue,1819.11
701056,503965,2025-04-13,Wrong Item Delivered,4546.32
701057,502766,2024-08-06,Wrong Item Delivered,816.98
701058,505382,2026-06-10,Size/Fit Issue,0
701059,502258,2026-01-12,Defective Product,10234.14
701060,504040,2025-01-26,Defective Product,1485.64
701061,509675,2025-02-09,Changed Mind,20776.9
701062,509193,2024-09-19,Size/Fit Issue,693.53
701063,500455,2024-06-02,Damaged in Transit,1584.85
701064,501748,2024-04-13,Late Delivery,3442.37
701065,500753,2024-08-26,Wrong Item Delivered,14279.72
701066,503136,2025-02-19,Late Delivery,691.42
701067,502905,2025-06-23,Defective Product,1143.76
701068,507602,2025-04-15,Damaged in Transit,5208.87
701069,508317,2024-04-06,Changed Mind,8560.1
701070,508394,2025-06-14,Defective Product,346.13
701071,500877,2025-10-31,Late Delivery,16952.43
701072,500845,2026-06-11,Wrong Item Delivered,469.63
701073,505433,2026-04-27,Size/Fit Issue,413.05
701074,508470,2025-03-08,Damaged in Transit,0
701075,500539,2025-01-09,Size/Fit Issue,1768.87
701076,503850,2025-10-08,Size/Fit Issue,5493.17
701077,508685,2025-01-31,Defective Product,6847.98
701078,506503,2025-09-02,Wrong Item Delivered,1260.6
701079,501608,2025-12-15,Wrong Item Delivered,3129.62
701080,503307,2026-06-07,Wrong Item Delivered,636.19
701081,508681,2025-08-27,Defective Product,4663.22
701082,503135,2024-10-13,Late Delivery,1966.1
701083,509793,2024-01-31,Wrong Item Delivered,943.06
701084,500681,2024-06-25,Size/Fit Issue,11118.56
701085,502067,2024-10-22,Size/Fit Issue,18614.96
701086,501949,2026-06-29,Wrong Item Delivered,2160.67
701087,504611,2026-04-09,Damaged in Transit,0
701088,507324,2026-03-14,Changed Mind,961.76
701089,501231,2024-08-19,Size/Fit Issue,8664.02
701090,506673,2025-04-07,Size/Fit Issue,3954.77
701091,503762,2025-11-15,Defective Product,1182.69
701092,501741,2024-11-11,Defective Product,4088.63
701093,500426,2025-08-10,Size/Fit Issue,16740.46
701094,500596,2025-12-04,Changed Mind,1025.75
701095,502081,2024-07-06,Late Delivery,2715.64
701096,501454,2026-06-16,Wrong Item Delivered,6198.04
701097,502113,2024-10-03,Changed Mind,5663.76
701098,505554,2024-05-16,Size/Fit Issue,853.78
701099,502912,2024-01-24,Wrong Item Delivered,8575.45
701100,503606,2024-11-29,Changed Mind,227.12
701101,507147,2024-04-15,Changed Mind,449.24
701102,503616,2025-06-29,Late Delivery,2608.24
701103,500445,2024-07-29,Defective Product,10211.54
701104,506722,2025-05-25,Changed Mind,10730.26
701105,504636,2026-03-02,Late Delivery,1634.12
701106,507722,2025-12-18,Wrong Item Delivered,11906.06
701107,505629,2026-02-24,Changed Mind,28762.04
701108,501898,2024-04-25,Size/Fit Issue,2268.31
701109,505921,2026-02-28,Changed Mind,3975.93
701110,503427,2025-01-20,Damaged in Transit,331.08
701111,503048,2026-01-22,Size/Fit Issue,0
701112,508347,2026-05-09,Late Delivery,219.65
701113,507770,2025-02-18,Wrong Item Delivered,5868.32
701114,502597,2025-06-17,Changed Mind,8160.54
701115,501669,2025-09-09,Defective Product,12955.76
701116,506574,2024-08-16,Changed Mind,1846.16
701117,507756,2024-09-10,Size/Fit Issue,329.3
701118,505917,2025-07-21,Defective Product,2878.98
701119,507440,2025-09-27,Late Delivery,10421.22
701120,502289,2024-12-14,Late Delivery,5374.72
701121,500644,2024-04-15,Changed Mind,15334.01
701122,506357,2026-01-21,Damaged in Transit,1022.48
701123,504324,2025-01-20,Defective Product,1526.12
701124,506264,2026-04-22,Defective Product,16137.37
701125,502023,2026-02-23,Size/Fit Issue,1625.15
701126,503009,2024-08-24,Defective Product,470.61
701127,501645,2025-05-15,Wrong Item Delivered,4599.5
701128,504488,2025-01-21,Late Delivery,1575.91
701129,508416,2026-05-03,Size/Fit Issue,1037.23
701130,502087,2025-02-23,Wrong Item Delivered,1310.96
701131,505081,2024-02-03,Changed Mind,1487.29
701132,503998,2024-08-01,Defective Product,4226.4
701133,500016,2025-04-14,Late Delivery,1166.64
701134,504513,2024-07-15,Damaged in Transit,17360.69
701135,506105,2024-11-22,Changed Mind,295.6
701136,504200,2024-10-31,Damaged in Transit,863.84
701137,505866,2024-05-01,Wrong Item Delivered,1645.14
701138,509792,2024-09-04,Defective Product,14021.43
701139,505447,2024-08-18,Size/Fit Issue,20624.14
701140,503962,2025-03-21,Changed Mind,3537.17
701141,501935,2026-03-01,Size/Fit Issue,9856.9
701142,501294,2026-01-06,Wrong Item Delivered,844.51
701143,503847,2025-01-25,Changed Mind,11655.8
701144,505535,2025-07-25,Damaged in Transit,293.7
701145,505363,2024-01-20,Damaged in Transit,240.62
701146,505550,2025-11-26,Size/Fit Issue,7294.97
701147,507831,2026-03-10,Late Delivery,5471.31
701148,501123,2024-04-28,Damaged in Transit,1081.28
701149,504446,2026-06-03,Defective Product,3587.51
701150,503408,2026-02-17,Damaged in Transit,36767.77
701151,506378,2026-03-14,Wrong Item Delivered,1675.33
701152,506524,2024-05-10,Wrong Item Delivered,15816.81
701153,508024,2025-02-19,Defective Product,6496.83
701154,504648,2026-04-12,Size/Fit Issue,4725.35
701155,500745,2025-08-12,Late Delivery,15893.8
701156,502685,2025-03-06,Late Delivery,9500.89
701157,500588,2026-06-20,Defective Product,38446.64
701158,500061,2025-07-14,Size/Fit Issue,12524.81
701159,501084,2025-09-15,Wrong Item Delivered,2446.49
701160,507929,2025-01-27,Wrong Item Delivered,1106.27
701161,501256,2024-02-18,Size/Fit Issue,497.67
701162,506445,2025-05-12,Defective Product,6938.94
701163,501025,2024-09-03,Size/Fit Issue,951.78
701164,504083,2024-05-01,Wrong Item Delivered,1347.71
701165,505910,2025-01-18,Size/Fit Issue,1067.21
701166,509661,2026-07-06,Changed Mind,5168.63
701167,503571,2025-05-05,Changed Mind,448.18
701168,504457,2026-04-06,Defective Product,1958.38
701169,502049,2026-04-13,Damaged in Transit,854.34
701170,506950,2025-09-12,Damaged in Transit,22100.3
701171,504065,2025-12-23,Defective Product,7577.46
701172,503819,2025-10-05,Size/Fit Issue,7089.15
701173,502126,2024-12-23,Size/Fit Issue,2764.66
701174,504352,2026-01-28,Size/Fit Issue,5666.49
701175,507351,2025-12-28,Defective Product,2146.64
701176,508926,2025-05-21,Changed Mind,962.07
701177,503522,2026-06-13,Damaged in Transit,8107.19
701178,507992,2025-09-26,Changed Mind,658.59
701179,502378,2025-10-31,Late Delivery,2011.63
701180,501267,2025-06-10,Size/Fit Issue,2024.31
701181,503267,2024-01-26,Late Delivery,656.83
701182,505306,2024-02-24,Size/Fit Issue,5353.12
701183,508827,2025-11-09,Defective Product,1174.85
701184,507103,2024-02-29,Defective Product,402.93
701185,507286,2025-07-25,Wrong Item Delivered,413.47
701186,505307,2026-03-06,Damaged in Transit,4011.85
701187,504400,2025-02-02,Wrong Item Delivered,1618.7
701188,508329,2026-03-05,Damaged in Transit,6322.07
701189,501004,2026-03-13,Changed Mind,1931.64
701190,502675,2024-09-07,Wrong Item Delivered,1647.63
701191,500973,2024-11-13,Changed Mind,4345.35
701192,504939,2025-01-03,Late Delivery,16893.53
701193,500976,2026-07-02,Size/Fit Issue,1778.41
701194,505380,2026-04-30,Late Delivery,511.67
701195,508012,2024-02-27,Changed Mind,666.51
701196,502673,2026-02-21,Wrong Item Delivered,256.89
701197,508660,2025-07-03,Defective Product,2788.91
701198,501154,2026-01-28,Damaged in Transit,537.79
701199,508701,2024-05-30,Damaged in Transit,9279.24
701200,507842,2024-02-28,Defective Product,47136.87
701201,507094,2025-06-08,Changed Mind,1175.46
701202,504710,2026-02-06,Damaged in Transit,13488.11
701203,503266,2026-04-27,Wrong Item Delivered,2730.75
701204,501511,2024-03-17,Size/Fit Issue,13393.3
701205,507246,2026-05-31,Damaged in Transit,713.93
701206,501417,2024-02-03,Defective Product,6450.95
701207,508797,2024-12-14,Wrong Item Delivered,824.87
701208,504980,2024-06-20,Changed Mind,1055.39
701209,501605,2026-05-07,Size/Fit Issue,754.86
701210,501976,2026-05-01,Defective Product,560.82
701211,500889,2026-01-08,Size/Fit Issue,3752.34
701212,504827,2024-11-22,Defective Product,1304.19
701213,508478,2026-07-17,Wrong Item Delivered,139.04
701214,501170,2024-10-01,Wrong Item Delivered,497.75
701215,504684,2024-02-07,Damaged in Transit,12300.45
701216,506091,2025-12-15,Wrong Item Delivered,2770.64
701217,506442,2024-07-31,Changed Mind,3286.33
701218,502101,2025-08-04,Wrong Item Delivered,13679.2
701219,500501,2025-09-01,Changed Mind,4322.27
701220,505091,2025-05-13,Size/Fit Issue,466.75
701221,504166,2025-08-09,Defective Product,5910.8
701222,508777,2025-08-28,Late Delivery,1500.38
701223,509425,2024-02-18,Changed Mind,4775.54
701224,502817,2024-03-26,Defective Product,492.75
