ProductID,ProductName,Category,SubCategory,UnitPrice,CostPrice,Supplier,Status
71,Wall Art Print - Variant 2,Home Decor,Wall Art Print,605,430.64,Everyday Essentials Ltd.,Active
85,Denim Jacket,Apparel,Denim Jacket,902,605.94,Prime Wholesale,Discontinued
73,Cushion Cover Set,Home Decor,Cushion Cover Set,1084,711.96,MetroSupply Co.,Active
51,File Folder Pack - Variant 3,Stationery,File Folder Pack,378,258.14,Prime Wholesale,Active
10,Power Bank 10000mAh,Electronics,Power Bank 10000mAh,744,475.81,Prime Wholesale,Active
26,Laptop Stand - Variant 2,Electronics,Laptop Stand,3156,2326.74,Prime Wholesale,Active
99,Running Shoes - Variant 3,Apparel,Running Shoes,984,564.87,MetroSupply Co.,Active
46,Whiteboard Marker Set,Stationery,Whiteboard Marker Set,318,212.49,MetroSupply Co.,Active
97,Running Shoes,Apparel,Running Shoes,1798,1129.07,National Vendors Ltd.,Active
52,Stapler Set,Stationery,Stapler Set,379,271.88,Zenith Distributors,Active
57,Wall Clock - Variant 3,home decor,Wall Clock,1367,754.66,Coastal Trading Co.,Active
28,Webcam HD,ELECTRONICS,Webcam HD,3918,2476.23,National Vendors Ltd.,Active
58,Table Runner,Home Decor,Table Runner,1956,1444.1,Prime Wholesale,Active
72,Wall Art Print - Variant 3,Home Decor,Wall Art Print,1281,745.83,Coastal Trading Co.,Active
14,LED Desk Lamp - Variant 2,Electronics,LED Desk Lamp,4975,3355.7,Coastal Trading Co.,Active
107,Cooking Oil 1L - Variant 2,Grocery,Cooking Oil 1L,375,254.71,Zenith Distributors,Active
103,Basmati Rice 5kg,Grocery,Basmati Rice 5kg,614,373.36,National Vendors Ltd.,Active
92,Sports Cap - Variant 2,Apparel,Sports Cap,1813,1063.61,Sunrise Traders,Discontinued
32,A4 Notebook Pack - Variant 2,Stationery,A4 Notebook Pack,103,,National Vendors Ltd.,Active
111,Green Tea Pack - Variant 3,Grocery,Green Tea Pack,654,420.13,Zenith Distributors,Active
74,Cushion Cover Set - Variant 2,Home Decor,Cushion Cover Set,1346,999.3,National Vendors Ltd.,Active
11,Power Bank 10000mAh - Variant 2,Electronics,Power Bank 10000mAh,4609,2991.84,Apex Suppliers,Discontinued
24,SmartPhone Case - Variant 3,Electronics,SmartPhone Case,4741,2738.02,Apex Suppliers,Active
102,Leather Belt - Variant 3,Apparel,Leather Belt,1017,701.62,MetroSupply Co.,Active
33,A4 Notebook Pack - Variant 3,Stationery,A4 Notebook Pack,390,229.47,Zenith Distributors,Active
6,Bluetooth Speaker - Variant 3,Electronics,Bluetooth Speaker,1716,1144.09,Everyday Essentials Ltd.,Active
55,Wall Clock,Home Decor,Wall Clock,1689,1182.31,MetroSupply Co.,Active
83,Formal Shirt - Variant 2,Apparel,Formal Shirt,2394,1668.72,Coastal Trading Co.,Active
22,SmartPhone Case,Electronics,SmartPhone Case,1307,851.2,Everyday Essentials Ltd.,Active
112,Almonds 500g,Grocery,Almonds 500g,552,,Sunrise Traders,Active
77,Table Lamp - Variant 2,Home Decor,Table Lamp,1457,997.45,National Vendors Ltd.,Active
100,Leather Belt,Apparel,Leather Belt,509,371.08,Prime Wholesale,Active
27,Laptop Stand - Variant 3,Electronics,Laptop Stand,3669,2119.07,Prime Wholesale,Active
126,Breakfast Cereal Pack - Variant 3,Grocery,Breakfast Cereal Pack,584,403.27,Coastal Trading Co.,Active
66,Photo Frame Set - Variant 3,Home Decor,Photo Frame Set,1835,1372.44,Prime Wholesale,Active
121,Assorted Spice Kit,Grocery,Assorted Spice Kit,522,311.31,Zenith Distributors,Active
105,Basmati Rice 5kg - Variant 3,Grocery,Basmati Rice 5kg,475,300.55,Sunrise Traders,Active
65,Photo Frame Set - Variant 2,Home Decor,Photo Frame Set,1527,1050.65,MetroSupply Co.,Active
101,Leather Belt - Variant 2,Apparel,Leather Belt,2226,1399.66,National Vendors Ltd.,Active
109,Green Tea Pack,Grocery,Green Tea Pack,500,325.75,Prime Wholesale,Active
4,Bluetooth Speaker,Electronics,Bluetooth Speaker,4237,2670.51,Zenith Distributors,Active
70,Wall Art Print,Home Decor,Wall Art Print,1892,1194.82,Zenith Distributors,Active
50,File Folder Pack - Variant 2,Stationery,File Folder Pack,289,180.42,National Vendors Ltd.,Active
44,Highlighter Set - Variant 2,Stationery,Highlighter Set,435,321.25,National Vendors Ltd.,Active
7,USB-C Cable,Electronics,USB-C Cable,734,453.61,Prime Wholesale,Discontinued
12,Power Bank 10000mAh - Variant 3,Electronics,Power Bank 10000mAh,477,283.88,Zenith Distributors,Active
69,Scented Candle Pack - Variant 3,Home Decor,Scented Candle Pack,1074,702.29,Zenith Distributors,Active
84,Formal Shirt - Variant 3,Apparel,Formal Shirt,740,440.56,MetroSupply Co.,Active
114,Almonds 500g - Variant 3,Grocery,Almonds 500g,196,118.16,National Vendors Ltd.,Active
90,Casual Trousers - Variant 3,Apparel,Casual Trousers,1541,878.75,National Vendors Ltd.,Active
59,Table Runner - Variant 2,Home Decor,Table Runner,1031,575.53,MetroSupply Co.,Active
13,LED Desk Lamp,Electronics,LED Desk Lamp,4212,2638,Everyday Essentials Ltd.,Active
58,Table Runner,Home Decor,Table Runner,1956,1444.1,Prime Wholesale,Active
63,Ceramic Vase - Variant 3,Home Decor,Ceramic Vase,1204,772.28,National Vendors Ltd.,Active
40,Desk Organizer,Stationery,Desk Organizer,198,116.39,National Vendors Ltd.,Active
80,Cotton T-Shirt - Variant 2,Apparel,Cotton T-Shirt,1358,868.72,Prime Wholesale,Active
108,Cooking Oil 1L - Variant 3,Grocery,Cooking Oil 1L,171,115.91,Everyday Essentials Ltd.,Active
64,Photo Frame Set,Home Decor,Photo Frame Set,1339,813.02,Coastal Trading Co.,Active
3,Wireless Mouse - Variant 3,Electronics,Wireless Mouse,4593,3135.77,Coastal Trading Co.,Active
25,Laptop Stand,Electronics,Laptop Stand,1448,868.06,National Vendors Ltd.,Active
62,Ceramic Vase - Variant 2,Home Decor,Ceramic Vase,874,532.02,Apex Suppliers,Active
42,Desk Organizer - Variant 3,Stationery,Desk Organizer,85,60.29,Everyday Essentials Ltd.,Active
81,Cotton T-Shirt - Variant 3,apparel,Cotton T-Shirt,1791,1057.12,National Vendors Ltd.,Discontinued
34,Gel Pen Set,Stationery,Gel Pen Set,151,109.28,Coastal Trading Co.,Active
37,Sticky Notes Pack,Stationery,Sticky Notes Pack,199,,MetroSupply Co.,Active
94,Woolen Sweater,Apparel,Woolen Sweater,1344,794.47,National Vendors Ltd.,Active
29,Webcam HD - Variant 2,Electronics,Webcam HD,2975,1904.75,MetroSupply Co.,Discontinued
2,Wireless Mouse - Variant 2,Electronics,Wireless Mouse,2879,2024.57,National Vendors Ltd.,Active
106,Cooking Oil 1L,Grocery,Cooking Oil 1L,689,466.14,Prime Wholesale,Active
49,File Folder Pack,Stationery,File Folder Pack,179,114.56,MetroSupply Co.,Active
91,Sports Cap,Apparel,Sports Cap,486,290.29,MetroSupply Co.,Active
1,Wireless Mouse,Electronics,Wireless Mouse,2800,2098.34,Coastal Trading Co.,Active
89,Casual Trousers - Variant 2,Apparel,Casual Trousers,1808,1269.71,Prime Wholesale,Active
38,Sticky Notes Pack - Variant 2,Stationery,Sticky Notes Pack,309,222.28,Everyday Essentials Ltd.,Active
19,SmartWatch Pro,Electronics,SmartWatch Pro,2681,1661.48,Zenith Distributors,Active
104,Basmati Rice 5kg - Variant 2,Grocery,Basmati Rice 5kg,391,234.95,MetroSupply Co.,Active
41,Desk Organizer - Variant 2,Stationery,Desk Organizer,240,163.34,Coastal Trading Co.,Active
23,SmartPhone Case - Variant 2,Electronics,SmartPhone Case,2015,1324.55,Coastal Trading Co.,Active
96,Woolen Sweater - Variant 3,Apparel,Woolen Sweater,1931,1372.62,Apex Suppliers,Active
76,Table Lamp,Home Decor,Table Lamp,1736,1133.53,Sunrise Traders,Active
117,Organic Honey 250g - Variant 3,grocery,Organic Honey 250g,286,169.52,Everyday Essentials Ltd.,Active
35,Gel Pen Set - Variant 2,Stationery,Gel Pen Set,183,115.7,Apex Suppliers,Active
20,SmartWatch Pro - Variant 2,Electronics,SmartWatch Pro,3048,1991.79,Everyday Essentials Ltd.,Active
79,Cotton T-Shirt,Apparel,Cotton T-Shirt,1188,791.99,MetroSupply Co.,Active
78,Table Lamp - Variant 3,HOME DECOR,Table Lamp,515,326.14,Prime Wholesale,Active
95,Woolen Sweater - Variant 2,Apparel,Woolen Sweater,671,377.96,Prime Wholesale,Active
5,Bluetooth Speaker - Variant 2,Electronics,Bluetooth Speaker,3480,2419.82,MetroSupply Co.,Active
115,Organic Honey 250g,Grocery,Organic Honey 250g,338,214.11,Sunrise Traders,Discontinued
21,SmartWatch Pro - Variant 3,Electronics,SmartWatch Pro,649,449.64,Zenith Distributors,Active
100,Leather Belt,Apparel,Leather Belt,509,371.08,Prime Wholesale,Active
122,Assorted Spice Kit - Variant 2,Grocery,Assorted Spice Kit,165,105.31,National Vendors Ltd.,Active
16,Wired Earphones,Electronics,Wired Earphones,2089,1565.28,MetroSupply Co.,Active
61,Ceramic Vase,Home Decor,Ceramic Vase,1102,739.52,Coastal Trading Co.,Active
36,Gel Pen Set - Variant 3,Stationery,Gel Pen Set,421,270.39,National Vendors Ltd.,Active
54,Stapler Set - Variant 3,Stationery,Stapler Set,320,237.58,Prime Wholesale,Active
123,Assorted Spice Kit - Variant 3,Grocery,Assorted Spice Kit,413,275.35,Zenith Distributors,Active
110,Green Tea Pack - Variant 2,Grocery,Green Tea Pack,243,151.36,Prime Wholesale,Active
43,Highlighter Set,Stationery,Highlighter Set,303,215.22,Everyday Essentials Ltd.,Active
93,Sports Cap - Variant 3,Apparel,Sports Cap,388,278.67,MetroSupply Co.,Active
118,Whole Wheat Atta 5kg,Grocery,Whole Wheat Atta 5kg,457,,Coastal Trading Co.,Active
67,Scented Candle Pack,Home Decor,Scented Candle Pack,1071,738.24,Apex Suppliers,Active
53,Stapler Set - Variant 2,Stationery,Stapler Set,279,186,Prime Wholesale,Discontinued
48,Whiteboard Marker Set - Variant 3,STATIONERY,Whiteboard Marker Set,132,98.28,Coastal Trading Co.,Discontinued
98,Running Shoes - Variant 2,Apparel,Running Shoes,1987,1192.82,Everyday Essentials Ltd.,Active
45,Highlighter Set - Variant 3,STATIONERY,Highlighter Set,162,115.12,Apex Suppliers,Active
60,Table Runner - Variant 3,Home Decor,Table Runner,1610,1093.13,Zenith Distributors,Active
9,USB-C Cable - Variant 3,Electronics,USB-C Cable,1194,681.97,National Vendors Ltd.,Active
119,Whole Wheat Atta 5kg - Variant 2,Grocery,Whole Wheat Atta 5kg,219,123.07,Zenith Distributors,Active
86,Denim Jacket - Variant 2,Apparel,Denim Jacket,460,313.98,Coastal Trading Co.,Active
88,Casual Trousers,Apparel,Casual Trousers,731,521.68,MetroSupply Co.,Active
39,Sticky Notes Pack - Variant 3,Stationery,Sticky Notes Pack,494,300.16,MetroSupply Co.,Active
68,Scented Candle Pack - Variant 2,Home Decor,Scented Candle Pack,369,218.53,Everyday Essentials Ltd.,Discontinued
15,LED Desk Lamp - Variant 3,Electronics,LED Desk Lamp,1826,1348.35,Prime Wholesale,Discontinued
126,Breakfast Cereal Pack - Variant 3,Grocery,Breakfast Cereal Pack,584,403.27,Coastal Trading Co.,Active
30,Webcam HD - Variant 3,Electronics,Webcam HD,2750,1701.67,Sunrise Traders,Active
87,Denim Jacket - Variant 3,Apparel,Denim Jacket,1323,883.47,Prime Wholesale,Active
31,A4 Notebook Pack,Stationery,A4 Notebook Pack,160,111.34,Coastal Trading Co.,Active
116,Organic Honey 250g - Variant 2,Grocery,Organic Honey 250g,206,138.54,National Vendors Ltd.,Active
82,Formal Shirt,Apparel,Formal Shirt,541,385.56,Coastal Trading Co.,Active
113,Almonds 500g - Variant 2,Grocery,Almonds 500g,237,176.11,Prime Wholesale,Active
76,Table Lamp,Home Decor,Table Lamp,1736,1133.53,Sunrise Traders,Active
56,Wall Clock - Variant 2,Home Decor,Wall Clock,920,656.91,Everyday Essentials Ltd.,Active
17,Wired Earphones - Variant 2,Electronics,Wired Earphones,4154,2730.68,Coastal Trading Co.,Active
8,USB-C Cable - Variant 2,Electronics,USB-C Cable,2688,1740.09,Zenith Distributors,Active
124,Breakfast Cereal Pack,Grocery,Breakfast Cereal Pack,283,211.24,MetroSupply Co.,Active
125,Breakfast Cereal Pack - Variant 2,Grocery,Breakfast Cereal Pack,399,245.08,Everyday Essentials Ltd.,Active
2,Wireless Mouse - Variant 2,Electronics,Wireless Mouse,2879,2024.57,National Vendors Ltd.,Active
18,Wired Earphones - Variant 3,Electronics,Wired Earphones,904,547.29,Everyday Essentials Ltd.,Active
120,Whole Wheat Atta 5kg - Variant 3,Grocery,Whole Wheat Atta 5kg,158,102.25,Sunrise Traders,Active
75,Cushion Cover Set - Variant 3,Home Decor,Cushion Cover Set,1208,770.96,Apex Suppliers,Active
47,Whiteboard Marker Set - Variant 2,Stationery,Whiteboard Marker Set,118,66.01,Everyday Essentials Ltd.,Active
